#Mod_Priority,#Mod_Name,#Mod_Nexus_URL
"0000","Unmanaged: FNIS",""
"0002","DLC: HearthFires",""
"0003","DLC: Dragonborn",""
"0004","DLC: Dawnguard",""
"0006","Address Library for SKSE Plugins","https://www.nexusmods.com/skyrimspecialedition/mods/32444"
"0007","Unofficial Skyrim Special Edition Patch-RUS-RUS","https://www.nexusmods.com/skyrimspecialedition/mods/266"
"0008","powerofthree's Tweaks","https://www.nexusmods.com/skyrimspecialedition/mods/51073"
"0009","JContainers SE","https://www.nexusmods.com/skyrimspecialedition/mods/16495"
"0010","ConsoleUtilSSE","https://www.nexusmods.com/skyrimspecialedition/mods/24858"
"0011","ENB Helper SE 1.5 for SSE 1.5.97","https://www.nexusmods.com/skyrimspecialedition/mods/23174"
"0012","Weapons Armor Clothing and Clutter Fixes","https://www.nexusmods.com/skyrimspecialedition/mods/18994"
"0013","Weapons Armor Clothing and Clutter Fixes 2.9 RUS","https://www.nexusmods.com/skyrimspecialedition/mods/19284"
"0014","SkyUI_5_2_SE","https://www.nexusmods.com/skyrimspecialedition/mods/12604"
"0015","UIExtensions","https://www.nexusmods.com/skyrimspecialedition/mods/17561"
"0016","DynDOLOD Resources SE","https://www.nexusmods.com/skyrimspecialedition/mods/32382"
"0018","RaceCompatibility with fixes for SSE","https://www.nexusmods.com/skyrimspecialedition/mods/2853"
"0019","more HUD SE Light Master- Pre AE","https://www.nexusmods.com/skyrimspecialedition/mods/12688"
"0020","MCM Helper SE","https://www.nexusmods.com/skyrimspecialedition/mods/53000"
"0021","FileAccess Interface for Skyrim SE Scripts - FISSES (FISS)","https://www.nexusmods.com/skyrimspecialedition/mods/13956"
"0022","Papyrus API","https://www.nexusmods.com/skyrimspecialedition/mods/24858"
"0023","IFrame Generator RE","https://www.nexusmods.com/skyrimspecialedition/mods/74401"
"0024","dTry's Key Utils SE","https://www.nexusmods.com/skyrimspecialedition/mods/69944"
"0025","Papyrus Ini Manipulator","https://www.nexusmods.com/skyrimspecialedition/mods/65634"
"0027","SSE Display Tweaks","https://www.nexusmods.com/skyrimspecialedition/mods/34705"
"0028","CrashLogger","https://www.nexusmods.com/skyrimspecialedition/mods/59818"
"0029","CrashLoggerSE","https://www.nexusmods.com/skyrimspecialedition/mods/59818"
"0035","BodySlide and Outfit Studio","https://www.nexusmods.com/skyrimspecialedition/mods/201"
"0036","Перевод BodySlide and Outfit Studio",""
"0038","Caliente's Beautiful Bodies Enhancer -CBBE-","https://www.nexusmods.com/skyrimspecialedition/mods/198"
"0039","CBPC - Physics with Collisions","https://www.nexusmods.com/skyrimspecialedition/mods/21224"
"0041","HDT-SMP for SSE 1.5.97 (avx on)","https://www.nexusmods.com/skyrimspecialedition/mods/30872"
"0045","CBBE 3BA","https://www.nexusmods.com/skyrimspecialedition/mods/30174"
"0046","XP32 Maximum Skeleton Special Extended","https://www.nexusmods.com/skyrimspecialedition/mods/1988"
"0047","XP32 Maximum Skeleton Special Extended - Fixed Scripts","https://www.nexusmods.com/skyrimspecialedition/mods/44252"
"0049","AddItemMenu - NG","https://www.nexusmods.com/skyrimspecialedition/mods/71409"
"0054","NAT Stand Alone - 0.4.2 c","https://www.nexusmods.com/skyrimspecialedition/mods/12842"
"0055","Enhanced Lights and FX","https://www.nexusmods.com/skyrimspecialedition/mods/2424"
"0056","Cathedral - 3D Pine Grass - Full 3D Coverage","https://www.nexusmods.com/skyrimspecialedition/mods/42032"
"0057","Nature of the Wild Lands - Landscape textures","https://www.nexusmods.com/skyrimspecialedition/mods/63604"
"0058","Nature of the Wild Lands 2.0","https://www.nexusmods.com/skyrimspecialedition/mods/63604"
"0059","Northern Roads","https://www.nexusmods.com/skyrimspecialedition/mods/77530"
"0060","Northern Roads (SE-AE) - RU","https://www.nexusmods.com/skyrimspecialedition/mods/77652"
"0061","Nature of the Wild Lands - Grass","https://www.nexusmods.com/skyrimspecialedition/mods/63604"
"0062","Enhanced Landscapes","https://www.nexusmods.com/skyrimspecialedition/mods/18162"
"0063","EVLaS","https://www.nexusmods.com/skyrimspecialedition/mods/63725"
"0064","Morning Fogs SSE - Thin Fog","https://www.nexusmods.com/skyrimspecialedition/mods/21436"
"0065","Water for ENB","https://www.nexusmods.com/skyrimspecialedition/mods/37061"
"0066","ELFX Fixes (RUS)","https://www.nexusmods.com/skyrimspecialedition/mods/39765"
"0067","Picta Series - Improved Sky Meshes","https://www.nexusmods.com/skyrimspecialedition/mods/58263"
"0068","Storm Lightning for SSE and VR (Minty Lightning 2019)","https://www.nexusmods.com/skyrimspecialedition/mods/29243"
"0070","Serious HD sse 1.2","https://www.nexusmods.com/skyrimspecialedition/mods/7435"
"0071","HD Lods Textures SE 1K","https://www.nexusmods.com/skyrimspecialedition/mods/3333"
"0072","B. Noble Skyrim - FULL PACK_Performance Edition","https://www.nexusmods.com/skyrimspecialedition/mods/21423"
"0073","Static Mesh Improvement Mod (SMIM)","https://www.nexusmods.com/skyrimspecialedition/mods/659"
"0074","Bellyaches Animal and Creature Pack",""
"0075","Majestic Mountains Main","https://www.nexusmods.com/skyrimspecialedition/mods/11052"
"0077","Schlongs of Skyrim SE",""
"0079","Bijin Skin - CBBE","https://www.nexusmods.com/skyrimspecialedition/mods/20078"
"0080","Fair Skin Complexion for CBBE",""
"0082","Tempered Skins for Males - SOS Full Version","https://www.nexusmods.com/skyrimspecialedition/mods/7902"
"0085","Kalilies Brows - High Poly Head","https://www.nexusmods.com/skyrimspecialedition/mods/57115"
"0086","High Poly Head SE",""
"0087","Expressive Facegen Morphs SE","https://www.nexusmods.com/skyrimspecialedition/mods/35785"
"0088","Expressive Facial Animation - Female Edition","https://www.nexusmods.com/skyrimspecialedition/mods/19181"
"0089","Kalilies Brows","https://www.nexusmods.com/skyrimspecialedition/mods/40595"
"0091","ApachiiSkyHair_v_1_6_Full_optimized","https://www.nexusmods.com/skyrimspecialedition/mods/2014"
"0092","ApachiiSkyHairMale_v_1_3","https://www.nexusmods.com/skyrimspecialedition/mods/2014"
"0093","ApachiiSkyHairFemale_v_1_5_1","https://www.nexusmods.com/skyrimspecialedition/mods/2014"
"0094","The Witcher 3 Eyes","https://www.nexusmods.com/skyrimspecialedition/mods/2921"
"0095","HDT-SMP Racemenu Hairs and Wigs",""
"0096","Female Makeup Suite - Face - 2K","https://www.nexusmods.com/skyrimspecialedition/mods/24495"
"0097","The Eyes of Beauty SSE","https://www.nexusmods.com/skyrimspecialedition/mods/16185"
"0098","KS Hairdos - HDT SMP (Physics)","https://www.nexusmods.com/skyrimspecialedition/mods/31300"
"0099","Freckle Mania High Quality","https://www.nexusmods.com/skyrimspecialedition/mods/52841"
"0100","SE SG Brows","https://www.nexusmods.com/skyrimspecialedition/mods/25890"
"0101","Hvergelmir's Aesthetics - Brows","https://www.nexusmods.com/skyrimspecialedition/mods/1062"
"0102","Hvergelmir Brows - For High Poly Head","https://www.nexusmods.com/skyrimspecialedition/mods/38493"
"0103","Womens_Eyebrows",""
"0104","Female Basic Makeup STANDALONE","https://www.nexusmods.com/skyrimspecialedition/mods/44716"
"0105","Empyrean CS SSE 2.1","https://www.nexusmods.com/skyrimspecialedition/mods/38965"
"0106","Great modders' SMP Hair pack and Xing","https://www.nexusmods.com/skyrimspecialedition/mods/31405"
"0107","llygaid Eye - Unreal 1K","https://www.nexusmods.com/skyrimspecialedition/mods/91422"
"0109","Dynamic Animation Replacer (DAR) v1.0.0 for SkyrimSE","https://www.nexusmods.com/skyrimspecialedition/mods/33746"
"0110","Animation Motion Revolution","https://www.nexusmods.com/skyrimspecialedition/mods/50258"
"0111","Nemesis Unlimited Behavior Engine","https://www.nexusmods.com/skyrimspecialedition/mods/60033"
"0112","Gesture Animation Remix (DAR) - main archive","https://www.nexusmods.com/skyrimspecialedition/mods/64420"
"0113","Conditional Gender Animations","https://www.nexusmods.com/skyrimspecialedition/mods/73446"
"0116","Audio Overhaul for Skyrim 2","https://www.nexusmods.com/skyrimspecialedition/mods/12466"
"0117","MLVUCSSE - English Original Voices","https://www.nexusmods.com/skyrimspecialedition/mods/91265"
"0119","Holds SSE Complete - 0.0.9","https://www.nexusmods.com/skyrimspecialedition/mods/10609"
"0120","Guards Armor Replacer","https://www.nexusmods.com/skyrimspecialedition/mods/22671"
"0121","Guards Armor Replacer [RUS]",""
"0122","NordWarUA's Vanilla Armor Replacers SSE","https://www.nexusmods.com/skyrimspecialedition/mods/31679"
"0123","NordWarUA's Vanilla Armor Replacers SSE -RUS-","https://www.nexusmods.com/skyrimspecialedition/mods/39681"
"0124","Lanterns Of Skyrim II",""
"0125","Lanterns Of Skyrim II - FOMOD","https://www.nexusmods.com/skyrimspecialedition/mods/30817"
"0128","HD HAIR(SE)",""
"0129","NecDaz Feet v",""
"0130","Feminine Hands for SE","https://www.nexusmods.com/skyrimspecialedition/mods/67522"
"0131","Pandorable's NPCs","https://www.nexusmods.com/skyrimspecialedition/mods/19012"
"0132","PAN_AIO",""
"0133","PAN_DashingDefenders SE","https://www.nexusmods.com/skyrimspecialedition/mods/78600"
"0134","Pandorable's Wicked Witches","https://www.nexusmods.com/skyrimspecialedition/mods/77478"
"0135","Pandorable's NPCs - Sovngarde","https://www.nexusmods.com/skyrimspecialedition/mods/55877"
"0136","PAN_DevotedDames","https://www.nexusmods.com/skyrimspecialedition/mods/59531"
"0137","Pandorable's Serana","https://www.nexusmods.com/skyrimspecialedition/mods/24931"
"0138","Pandorable's Marvellous Miners","https://www.nexusmods.com/skyrimspecialedition/mods/56399"
"0139","Pandorable's Valerica","https://www.nexusmods.com/skyrimspecialedition/mods/35799"
"0140","Pandorable's Frea and Frida","https://www.nexusmods.com/skyrimspecialedition/mods/31273"
"0141","PAN_Nevri","https://www.nexusmods.com/skyrimspecialedition/mods/45128"
"0142","PAN_Brelyna","https://www.nexusmods.com/skyrimspecialedition/mods/45128"
"0143","Pandorable's Black-Briar Ladies","https://www.nexusmods.com/skyrimspecialedition/mods/33731"
"0144","Pandorable's Warrior Women","https://www.nexusmods.com/skyrimspecialedition/mods/34464"
"0145","Pandorable's Lethal Ladies","https://www.nexusmods.com/skyrimspecialedition/mods/36827"
"0146","PAN_ShieldSisters","https://www.nexusmods.com/skyrimspecialedition/mods/42480"
"0147","Pandorable's NPCs - Males","https://www.nexusmods.com/skyrimspecialedition/mods/42043"
"0148","Pandorable's NPCs - Males 2","https://www.nexusmods.com/skyrimspecialedition/mods/50617"
"0149","Bijin Warmaidens SE","https://www.nexusmods.com/skyrimspecialedition/mods/1825"
"0150","Bijin Warmaidens SE - High-res skin textures for CBBE","https://www.nexusmods.com/skyrimspecialedition/mods/1825"
"0151","Bijin Wives SE 1.1.2","https://www.nexusmods.com/skyrimspecialedition/mods/11247"
"0152","Bijin NPCs SE 1.2.1","https://www.nexusmods.com/skyrimspecialedition/mods/11287"
"0153","Bijin AIO SE for USSEP","https://www.nexusmods.com/skyrimspecialedition/mods/11287"
"0161","Dragonborn Voice Overhaul","https://www.nexusmods.com/skyrimspecialedition/mods/84329"
"0162","Bella Voice DBVO","https://www.nexusmods.com/skyrimspecialedition/mods/89810"
"0163","Bella Voice Fix",""
"0164","voicebella maingame and dlc","https://www.nexusmods.com/skyrimspecialedition/mods/89810"
"0165","Name heroine DBVO","https://www.nexusmods.com/skyrimspecialedition/mods/89810"
"0169","IFPV","https://www.nexusmods.com/skyrimspecialedition/mods/22306"
"0170","RaceMenu Special Edition",""
"0171","RaceMenu Special Edition RUS",""
"0172","Alternate Start - Live Another Life","https://www.nexusmods.com/skyrimspecialedition/mods/272"
"0174","Alternate Conversation Camera","https://www.nexusmods.com/skyrimspecialedition/mods/21220"
"0175","SkyHUD","https://www.nexusmods.com/skyrimspecialedition/mods/463"
"0176","Spell Perk Item Distributor (SPID)","https://www.nexusmods.com/skyrimspecialedition/mods/36869"
"0177","Vokrii 3.8.2","https://www.nexusmods.com/skyrimspecialedition/mods/26176"
"0178","Vokrii - Scaling Rebalance","https://www.nexusmods.com/skyrimspecialedition/mods/55091"
"0179","NORDIC UI - Interface Overhaul","https://www.nexusmods.com/skyrimspecialedition/mods/49881"
"0180","iNeed - Food, Water and Sleep - Continued","https://www.nexusmods.com/skyrimspecialedition/mods/19390"
"0181","Frostfall 3.4.1 SE Release","https://www.nexusmods.com/skyrimspecialedition/mods/671"
"0182","Campfire 1.12.1SEVR Release","https://www.nexusmods.com/skyrimspecialedition/mods/667"
"0183","SkyrimForBattleV",""
"0184","PC Head Tracking - MCM v4.8 SE","https://www.nexusmods.com/skyrimspecialedition/mods/11993"
"0186","SummonShadowMERCHANT","https://www.nexusmods.com/skyrimspecialedition/mods/2177"
"0188","VioLens - A Killmove Mod SE","https://www.nexusmods.com/skyrimspecialedition/mods/668"
"0189","True Directional Movement","https://www.nexusmods.com/skyrimspecialedition/mods/51614"
"0190","True Directional Movement RU","https://www.nexusmods.com/skyrimspecialedition/mods/53188"
"0191","SkySA",""
"0192","Grip Switch SkySA 1.2.1","https://www.nexusmods.com/skyrim/mods/54056"
"0194","TK Dodge SE","https://www.nexusmods.com/skyrimspecialedition/mods/15309"
"0195","JH Combat Animation Pack","https://www.nexusmods.com/skyrimspecialedition/mods/48500"
"0197","Elder Souls - Sword 2.0 SE","https://www.nexusmods.com/skyrimspecialedition/mods/47191"
"0198","Part 1) SEKIRO HUD by Inpa Skyrim","https://www.nexusmods.com/skyrimspecialedition/mods/41428"
"0199","Part 2) SEKIRO COMBAT","https://www.nexusmods.com/skyrimspecialedition/mods/41428"
"0200","Stances - Add-On","https://www.nexusmods.com/skyrimspecialedition/mods/41251"
"0201","Stances - Dynamic Animation Sets","https://www.nexusmods.com/skyrimspecialedition/mods/40484"
"0202","AMR Stance Framework","https://www.nexusmods.com/skyrimspecialedition/mods/54674"
"0203","Enhanced Enemy AI","https://www.nexusmods.com/skyrimspecialedition/mods/32063"
"0204","Precision","https://www.nexusmods.com/skyrimspecialedition/mods/72347"
"0205","Keytrace","https://www.nexusmods.com/skyrimspecialedition/mods/63362"
"0206","Elden Power Attack","https://www.nexusmods.com/skyrimspecialedition/mods/66711"
"0207","Dark Souls Movement And Stamina Regen","https://www.nexusmods.com/skyrimspecialedition/mods/33135"
"0208","Animated Potions","https://www.nexusmods.com/skyrimspecialedition/mods/73819"
"0209","3PCO - 3rd Person Camera Overhaul","https://www.nexusmods.com/skyrimspecialedition/mods/89516"
"0210","Nock to Tip",""
"0211","Deadly Mutilation","https://www.nexusmods.com/skyrimspecialedition/mods/34917"
"0213","Heroes Of Sovngarde","https://www.nexusmods.com/skyrimspecialedition/mods/3053"
"0214","Populated Dungeons Caves Ruins Legendary Edition","https://www.nexusmods.com/skyrimspecialedition/mods/2820"
"0216","[immyneedscake] Skydraenei by Eriayai CBBE SSE",""
"0217","3BA SkyDraenei","https://www.nexusmods.com/skyrimspecialedition/mods/57617"
"0218","True Demon Race","https://www.nexusmods.com/skyrimspecialedition/mods/58141"
"0222","Acalypha - Fully Voiced Follower",""
"0223","INIGO_V2.4C SE","https://www.nexusmods.com/skyrimspecialedition/mods/1461"
"0224","Song Of The Green 1.4","https://www.nexusmods.com/skyrimspecialedition/mods/11278"
"0225","Refined Auri SSE","https://www.nexusmods.com/skyrimspecialedition/mods/36444"
"0226","SkyMirai Standalone Follower 2_11 SSE","https://www.nexusmods.com/skyrimspecialedition/mods/10908"
"0227","Nicola Avenicci SE 0.3","https://www.nexusmods.com/skyrimspecialedition/mods/6862"
"0229","WIC (Whinter is Coming) Cloaks SSE 2_4","https://www.nexusmods.com/skyrimspecialedition/mods/4933"
"0230","Winter Is Coming - Cloaks RU SE","https://www.nexusmods.com/skyrimspecialedition/mods/62756"
"0231","True Weapons","https://www.nexusmods.com/skyrimspecialedition/mods/38596"
"0232","Eclipse_Mage_Outfit_HDT",""
"0233","[SE] BDOR Navillera",""
"0235","Dominica Preset RM SSE","https://www.nexusmods.com/skyrimspecialedition/mods/70448"
"0236","Irena High Poly Head preset by ElleShet SE",""
"0237","Nirani Indoril Body preset SE by ElleShet",""
"0239","MainMenuRandomizerSE","https://www.nexusmods.com/skyrimspecialedition/mods/33574"
"0240","Main Menu Redone - 1080p","https://www.nexusmods.com/skyrimspecialedition/mods/59993"
"0241","Main Menu Design Replacer","https://www.nexusmods.com/skyrimspecialedition/mods/30810"
"0242","Simple Load Screens","https://www.nexusmods.com/skyrimspecialedition/mods/49529"
"0243","NORDIC UI - Alternate loading screen and start menu","https://www.nexusmods.com/skyrimspecialedition/mods/54153"
"0245","Fantasy Soundtrack Project SE","https://www.nexusmods.com/skyrimspecialedition/mods/5268"
"0246","Dreyma Mod [new Music of Skyrim]","https://www.nexusmods.com/skyrimspecialedition/mods/23386"
"0248","NAT.ENB - ESP WEATHER PLUGIN","https://www.nexusmods.com/skyrimspecialedition/mods/27141"
"0250","NordWarUA's Vanilla Armor Replacers SSE -Patches-","https://www.nexusmods.com/skyrimspecialedition/mods/31679"
"0251","Northern Roads - Patches Compendium","https://www.nexusmods.com/skyrimspecialedition/mods/77893"
"0252","Holds The City Overhaul -RUS-",""
"0253","Majestic Mountains [RUS]",""
"0254","Face Discoloration Fix SE","https://www.nexusmods.com/skyrimspecialedition/mods/42441"
"0255","Simple Load Screens - Russian translation","https://www.nexusmods.com/skyrimspecialedition/mods/50912"
"0256","Precision - Accurate Melee Collisions - RU","https://www.nexusmods.com/skyrimspecialedition/mods/72584"
"0257","Pandorable's NPCs_SSE_v1.4_RU","https://www.nexusmods.com/skyrimspecialedition/mods/27582"
"0258","Pandorables NPCs Males [RUS]",""
"0259","Pandorables NPCs - Males 2 [RUS]",""
"0260","PAN_AIO_small - AI Overhaul SSE patch-1-4-Rus",""
"0261","Irena High Poly Head preset by ElleShet SE 3BBB Body",""
"0262","Nirani Indoril High Poly Head preset SE by ElleShet",""
"0263","Deadly Mutilation V1_3_3 CBBE meshes Pack","https://www.nexusmods.com/skyrimspecialedition/mods/34917"
"0264","Bijin skin compability patch Alternative normal map","https://www.nexusmods.com/skyrimspecialedition/mods/27405"
"0265","SEKIRO COMBAT SE - RU","https://www.nexusmods.com/skyrimspecialedition/mods/57678"
"0266","Nordic UI -RUS-",""
"0267","Campfire 1.12.1 and Frostfall 3.4.1SE","https://www.nexusmods.com/skyrimspecialedition/mods/17925"
"0268","SkyrimForBattleV-Patch",""
"0269","IFPV Detector Plugin","https://www.nexusmods.com/skyrimspecialedition/mods/22306"
"0270","Jaxonz MCM Kicker SE_rus_",""
"0271","SkyUI -RUS-","https://www.nexusmods.com/skyrimspecialedition/mods/21088"
"0272","INIGO -RUS-",""
"0273","Song of the Green _RUS_",""
"0274","Inigo Banter patch",""
"0275","Refined Auri SSE -PATCH-","https://www.nexusmods.com/skyrimspecialedition/mods/36444"
"0276","Refined Auri SSE -RUS-",""
"0277","Vokrii(26176)-2-0-1-RU","https://www.nexusmods.com/skyrimspecialedition/mods/28035"
"0278","Саурон",""
"0279","Sweety Preset",""
"0280","Console font fix - RU","https://www.nexusmods.com/skyrimspecialedition/mods/55792"
"0281","BodySlide output",""
"0282","DBVO NordicUI Patch","https://www.nexusmods.com/skyrimspecialedition/mods/84329"
"0284","Dragonborn Voice Over - Stereo Plugin Replacer","https://www.nexusmods.com/skyrimspecialedition/mods/90417"
"0285","FNIS Overwrite",""
"0286","Nemesis overwrite",""
"0288","Pipe Smoking SE","https://www.nexusmods.com/skyrimspecialedition/mods/13061"
"0289","Pipe Smoking SE RUS",""
"0291","PapyrusUtil SE - Scripting Utility Functions","https://www.nexusmods.com/skyrimspecialedition/mods/13048"
"0292","powerofthree's Papyrus Extender","https://www.nexusmods.com/skyrimspecialedition/mods/22854"
